"LABEL","START","END"
1,-Inf,0.0008
2,0.00079999999,0.003
3,0.00299999999,0.009
4,0.00899999999,0.048
5,0.04799999999,Inf
